{"assets/image/background.png":["assets/image/background.png"],"assets/image/icon_active_faq.svg":["assets/image/icon_active_faq.svg"],"assets/image/icon_active_features.svg":["assets/image/icon_active_features.svg"],"assets/image/icon_active_home.svg":["assets/image/icon_active_home.svg"],"assets/image/icon_active_pricing.svg":["assets/image/icon_active_pricing.svg"],"assets/image/icon_inactive_faq.svg":["assets/image/icon_inactive_faq.svg"],"assets/image/icon_inactive_features.svg":["assets/image/icon_inactive_features.svg"],"assets/image/icon_inactive_home.svg":["assets/image/icon_inactive_home.svg"],"assets/image/icon_inactive_pricing.svg":["assets/image/icon_inactive_pricing.svg"],"assets/image/thumbnail.png":["assets/image/thumbnail.png"],"assets/image/thumbnail1.png":["assets/image/thumbnail1.png"],"assets/image/thumbnail2.png":["assets/image/thumbnail2.png"],"assets/image/thumbnail3.webp":["assets/image/thumbnail3.webp"]}